grp_cabac_top_Pipeline_VITIS_LOOP_40_1_fu_581,VITIS_LOOP_40_1,upc_loop_status1.csv
grp_cabac_top_Pipeline_VITIS_LOOP_29_1_fu_595,VITIS_LOOP_29_1,pp_loop_status1.csv
grp_cabac_top_Pipeline_VITIS_LOOP_8_1_fu_603,VITIS_LOOP_8_1,upc_loop_status2.csv
grp_sao_top_fu_618,VITIS_LOOP_157_2,seq_loop_status1.csv
grp_sao_top_fu_618,VITIS_LOOP_142_1,seq_loop_status2.csv
grp_sao_top_fu_618.grp_decode_decision_fu_1291.grp_decode_regular_fu_193.grp_decode_regular_Pipeline_VITIS_LOOP_53_1_fu_196,VITIS_LOOP_53_1,upc_loop_status3.csv
grp_sao_top_fu_618.grp_parseSAOEO_fu_1333,VITIS_LOOP_80_1,seq_loop_status3.csv
grp_sao_top_fu_618.grp_sao_top_Pipeline_VITIS_LOOP_162_3_fu_1349,VITIS_LOOP_162_3,upc_loop_status4.csv
grp_sao_top_fu_618.grp_sao_top_Pipeline_VITIS_LOOP_96_1_fu_1374,VITIS_LOOP_96_1,upc_loop_status5.csv
grp_sao_top_fu_618.grp_sao_top_Pipeline_VITIS_LOOP_189_4_fu_1393,VITIS_LOOP_189_4,upc_loop_status6.csv
grp_cabac_top_Pipeline_VITIS_LOOP_14_1_fu_687,VITIS_LOOP_14_1,pp_loop_status2.csv
