,AESL_inst_cabac_top,,module_status1.csv
,grp_cabac_top_Pipeline_VITIS_LOOP_40_1_fu_581,,module_status2.csv
,grp_cabac_top_Pipeline_VITIS_LOOP_29_1_fu_595,,module_status3.csv
,grp_cabac_top_Pipeline_VITIS_LOOP_8_1_fu_603,,module_status4.csv
,grp_cabac_top_Pipeline_VITIS_LOOP_45_1_fu_611,,module_status5.csv
,grp_sao_top_fu_618,,module_status6.csv
grp_sao_top_fu_618,grp_sao_top_Pipeline_1_fu_1223,,module_status7.csv
grp_sao_top_fu_618,grp_sao_top_Pipeline_2_fu_1229,,module_status8.csv
grp_sao_top_fu_618,grp_parseSAOMergeFlag_fu_1235,,module_status9.csv
grp_sao_top_fu_618,grp_sao_top_Pipeline_VITIS_LOOP_201_5_fu_1252,,module_status10.csv
grp_sao_top_fu_618,grp_decode_decision_fu_1291,,module_status11.csv
grp_sao_top_fu_618.grp_decode_decision_fu_1291,grp_decode_regular_fu_193,,module_status12.csv
grp_sao_top_fu_618.grp_decode_decision_fu_1291.grp_decode_regular_fu_193,grp_decode_regular_Pipeline_VITIS_LOOP_53_1_fu_196,,module_status13.csv
grp_sao_top_fu_618,grp_sao_top_Pipeline_VITIS_LOOP_54_1_fu_1314,,module_status14.csv
grp_sao_top_fu_618,grp_parseSAOEO_fu_1333,,module_status15.csv
grp_sao_top_fu_618,grp_sao_top_Pipeline_VITIS_LOOP_162_3_fu_1349,,module_status16.csv
grp_sao_top_fu_618,grp_sao_top_Pipeline_VITIS_LOOP_96_1_fu_1374,,module_status17.csv
grp_sao_top_fu_618,grp_sao_top_Pipeline_VITIS_LOOP_189_4_fu_1393,,module_status18.csv
grp_sao_top_fu_618,grp_sao_top_Pipeline_VITIS_LOOP_213_6_fu_1403,,module_status19.csv
,grp_cabac_top_Pipeline_VITIS_LOOP_14_1_fu_687,,module_status20.csv
